{"cameraMode":{"drawMode":0,"name":"Shaded","section":"Shading Mode"},"sceneLighting":false,"audioPlay":false,"sceneViewState":{"showFog":true,"showMaterialUpdate":false,"showSkybox":false,"showFlares":true,"showImageEffects":true,"showParticleSystems":true},"in2DMode":false,"pivot":{"x":-8.352897644042969,"y":-2.525336742401123,"z":7.3408050537109379},"rotation":{"x":-0.3091893792152405,"y":0.24502111971378327,"z":-0.08278117328882218,"w":-0.915170431137085},"size":1.0999354124069214,"orthographic":false}